<?xml version="1.0"?>
<doc>
    <assembly>
        <name>PostSharp.Patterns.Diagnostics.Backends.NLog</name>
    </assembly>
    <members>
        <member name="T:PostSharp.Patterns.Diagnostics.Backends.NLog.NLogCollectingTarget">
            <summary>
            Writes log messages to PostSharp Logging.
            </summary>
        </member>
        <member name="M:PostSharp.Patterns.Diagnostics.Backends.NLog.NLogCollectingTarget.#ctor(System.String)">
            <summary>
            Creates a new instance of <see cref="T:PostSharp.Patterns.Diagnostics.Backends.NLog.NLogCollectingTarget"/>.
            </summary>
            <param name="name">Name of this target. (All targets must have a name.)</param>
        </member>
        <member name="M:PostSharp.Patterns.Diagnostics.Backends.NLog.NLogCollectingTarget.Write(NLog.LogEventInfo)">
            <inheritdoc />
        </member>
        <member name="T:PostSharp.Patterns.Diagnostics.Backends.NLog.NLogLoggingBackend">
            <summary>
            Logging back-end for NLog.
            </summary>
        </member>
        <member name="M:PostSharp.Patterns.Diagnostics.Backends.NLog.NLogLoggingBackend.#ctor(NLog.LogFactory)">
            <summary>
            Initializes a new <see cref="T:PostSharp.Patterns.Diagnostics.Backends.NLog.NLogLoggingBackend"/> and specifies the target <see cref="P:PostSharp.Patterns.Diagnostics.Backends.NLog.NLogLoggingBackend.LogFactory"/>.
            </summary>
            <param name="logFactory">The <see cref="P:PostSharp.Patterns.Diagnostics.Backends.NLog.NLogLoggingBackend.LogFactory"/> that should be used to create the target loggers, or <c>null</c> to use the globally-shared logger.</param>
        </member>
        <member name="M:PostSharp.Patterns.Diagnostics.Backends.NLog.NLogLoggingBackend.#ctor">
            <summary>
            Initializes a new <see cref="T:PostSharp.Patterns.Diagnostics.Backends.NLog.NLogLoggingBackend"/>.
            </summary>
        </member>
        <member name="P:PostSharp.Patterns.Diagnostics.Backends.NLog.NLogLoggingBackend.LogFactory">
            <summary>
            Gets the <see cref="P:PostSharp.Patterns.Diagnostics.Backends.NLog.NLogLoggingBackend.LogFactory"/> passed to the constructor of the current <see cref="T:PostSharp.Patterns.Diagnostics.Backends.NLog.NLogLoggingBackend"/>, or <c>null</c> if no logger was passed during the instantiation of the current <see cref="T:PostSharp.Patterns.Diagnostics.Backends.NLog.NLogLoggingBackend"/>.
            </summary>
        </member>
        <member name="M:PostSharp.Patterns.Diagnostics.Backends.NLog.NLogLoggingBackend.CreateTypeSource(PostSharp.Patterns.Diagnostics.LoggingNamespaceSource,System.Type)">
            <inheritdoc />
        </member>
        <member name="M:PostSharp.Patterns.Diagnostics.Backends.NLog.NLogLoggingBackend.CreateTypeSourceBySourceName(PostSharp.Patterns.Diagnostics.LoggingNamespaceSource,System.String)">
            <inheritdoc />
        </member>
        <member name="M:PostSharp.Patterns.Diagnostics.Backends.NLog.NLogLoggingBackend.CreateRecordBuilder">
            <inheritdoc />
        </member>
        <member name="P:PostSharp.Patterns.Diagnostics.Backends.NLog.NLogLoggingBackend.Options">
            <summary>
            Gets the back-end options.
            </summary>
        </member>
        <member name="M:PostSharp.Patterns.Diagnostics.Backends.NLog.NLogLoggingBackend.GetTextBackendOptions">
            <inheritdoc />
        </member>
        <member name="T:PostSharp.Patterns.Diagnostics.Backends.NLog.NLogLoggingBackendOptions">
            <summary>
            Options for <see cref="T:PostSharp.Patterns.Diagnostics.Backends.NLog.NLogLoggingBackend"/>.
            </summary>
        </member>
        <member name="M:PostSharp.Patterns.Diagnostics.Backends.NLog.NLogLoggingBackendOptions.#ctor">
            <summary>
            Initializes a new <see cref="T:PostSharp.Patterns.Diagnostics.Backends.NLog.NLogLoggingBackendOptions"/>.
            </summary>
        </member>
        <member name="P:PostSharp.Patterns.Diagnostics.Backends.NLog.NLogLoggingBackendOptions.GetLogger">
            <summary>
            Function mapping an <see cref="T:PostSharp.Patterns.Diagnostics.Backends.NLog.NLogLoggingTypeSource"/> to an NLog <c>Logger</c>.
            The default behavior is to call <c>typeSource.Backend.LogFactory?.GetLogger( typeSource.DisplayFullName ) ?? LogManager.GetLogger( typeSource.DisplayFullName )</c>.
            </summary>
        </member>
        <member name="T:PostSharp.Patterns.Diagnostics.Backends.NLog.NLogLoggingTypeSource">
            <summary>
            The <see cref="T:PostSharp.Patterns.Diagnostics.LoggingTypeSource"/> for <see cref="T:PostSharp.Patterns.Diagnostics.Backends.NLog.NLogLoggingBackend"/>.
            </summary>
        </member>
        <member name="P:PostSharp.Patterns.Diagnostics.Backends.NLog.NLogLoggingTypeSource.Logger">
            <summary>
            Gets the <c>Logger</c> associated to the current <see cref="T:PostSharp.Patterns.Diagnostics.Backends.NLog.NLogLoggingTypeSource"/>.
            </summary>
        </member>
        <member name="M:PostSharp.Patterns.Diagnostics.Backends.NLog.NLogLoggingTypeSource.#ctor(PostSharp.Patterns.Diagnostics.LoggingNamespaceSource,System.Type)">
            <summary>
            Initializes a new <see cref="T:PostSharp.Patterns.Diagnostics.Backends.NLog.NLogLoggingTypeSource"/>.
            </summary>
            <param name="parent">The parent <see cref="T:PostSharp.Patterns.Diagnostics.LoggingNamespaceSource"/>.</param>
            <param name="type">The <see cref="T:System.Type"/> being logged.</param>
        </member>
        <member name="M:PostSharp.Patterns.Diagnostics.Backends.NLog.NLogLoggingTypeSource.#ctor(PostSharp.Patterns.Diagnostics.LoggingNamespaceSource,System.String,System.Type)">
            <summary>
            Initializes a new <see cref="T:PostSharp.Patterns.Diagnostics.Backends.NLog.NLogLoggingTypeSource"/>.
            </summary>
            <param name="parent">The parent <see cref="T:PostSharp.Patterns.Diagnostics.LoggingNamespaceSource"/>.</param>
            <param name="loggerName">The fullname of the <see cref="T:System.Type"/> being logged, usually.</param>
            <param name="type">The <see cref="T:System.Type"/> being logged, if this is based on a type.</param>
        </member>
        <member name="P:PostSharp.Patterns.Diagnostics.Backends.NLog.NLogLoggingTypeSource.Backend">
            <summary>
            Gets the parent <see cref="T:PostSharp.Patterns.Diagnostics.Backends.NLog.NLogLoggingBackend"/>.
            </summary>
        </member>
        <member name="M:PostSharp.Patterns.Diagnostics.Backends.NLog.NLogLoggingTypeSource.IsBackendEnabled(PostSharp.Patterns.Diagnostics.LogLevel)">
            <inheritdoc />  
        </member>
        <member name="T:PostSharp.Patterns.Diagnostics.Backends.NLog.NLogLogRecordBuilder">
            <summary>
            <see cref="T:PostSharp.Patterns.Diagnostics.RecordBuilders.LogRecordBuilder"/> for <see cref="T:PostSharp.Patterns.Diagnostics.Backends.NLog.NLogLoggingBackend"/>.
            </summary>
        </member>
        <member name="M:PostSharp.Patterns.Diagnostics.Backends.NLog.NLogLogRecordBuilder.#ctor(PostSharp.Patterns.Diagnostics.Backends.NLog.NLogLoggingBackend)">
            <summary>
            Initializes a new <see cref="T:PostSharp.Patterns.Diagnostics.Backends.NLog.NLogLogRecordBuilder"/>.
            </summary>
            <param name="backend"></param>
        </member>
        <member name="M:PostSharp.Patterns.Diagnostics.Backends.NLog.NLogLogRecordBuilder.EmitRecord">
            <inheritdoc />
        </member>
        <member name="M:PostSharp.Patterns.Diagnostics.Backends.NLog.NLogLogRecordBuilder.Write(PostSharp.Patterns.Formatters.UnsafeString)">
            <inheritdoc />
        </member>
    </members>
</doc>
